,DAX PERFORMANCE - TOT RETURN IND,S&P 500 COMPOSITE - TOT RETURN IND,US DOLLAR S/T DEPOSIT (FT/RFV) - MIDDLE RATE,,,,,,,,,
1/1/01,6040.21,1837.36,6.6875,,,,,,,,,
1/8/01,6072.32,1804.04,5.8906,,,,,,,,,
1/15/01,6143.9,1835.53,6,,,,,,,,,
1/22/01,6243.58,1869.89,5.9688,,,,,,,,,
1/29/01,6200.57,1899.75,6.0625,,,,,,,,,
2/5/01,6230.57,1886.48,5.5,,,,,,,,,
2/12/01,6103.9,1853.65,5.4688,,,,,,,,,
2/19/01,5959.28,1814.22,5.5313,,,,,,,,,
2/26/01,5630.18,1767.29,5.5313,,,,,,,,,
3/5/01,5775.11,1731.42,5.6094,,,,,,,,,
3/12/01,5619.24,1646.42,5.4688,,,,,,,,,
3/19/01,5080.96,1633.81,5.5156,,,,,,,,,
3/26/01,5128.54,1608.65,5.0313,,,,,,,,,
4/2/01,5080.54,1599.35,5.3438,,,,,,,,,
4/9/01,5214.85,1588.5,5.0156,,,,,,,,,
4/16/01,5307.5,1647.5,5.0313,,,,,,,,,
4/23/01,5429.56,1710.01,4.3906,,,,,,,,,
4/30/01,5553.63,1745.39,4.6875,,,,,,,,,
5/7/01,5458.02,1765.49,4.4844,,,,,,,,,
5/14/01,5300.15,1746.01,4.4063,,,,,,,,,
5/21/01,5469.74,1836.02,4,,,,,,,,,
5/28/01,5346.8,1787.28,3.8906,,,,,,,,,
6/4/01,5236.56,1772.91,4.0625,,,,,,,,,
6/11/01,5188.27,1755.42,4,,,,,,,,,
6/18/01,5055.06,1691.59,3.9531,,,,,,,,,
6/25/01,5083.83,1705.94,4.0469,,,,,,,,,
7/2/01,5170.09,1731.53,4.0938,,,,,,,,,
7/9/01,4985,1679.4,3.7031,,,,,,,,,
7/16/01,5005.31,1684.77,3.8125,,,,,,,,,
7/23/01,5027,1668.9,3.7344,,,,,,,,,
7/30/01,5069.75,1688.03,3.8281,,,,,,,,,
8/6/01,5058.79,1683.03,3.7344,,,,,,,,,
8/13/01,4900.2,1670.96,3.7656,,,,,,,,,
8/20/01,4751.93,1643.59,3.6719,,,,,,,,,
8/27/01,4916.97,1654.72,3.5469,,,,,,,,,
9/3/01,4617.71,1591.18,3.5781,,,,,,,,,
9/10/01,4200.54,1533.98,3.4688,,,,,,,,,
9/17/01,3893.29,1459,4.0313,,,,,,,,,
9/24/01,3695.73,1409.5,3.2344,,,,,,,,,
10/1/01,3883.12,1459.33,3.25,,,,,,,,,
10/8/01,4131.49,1493.54,2.5,,,,,,,,,
10/15/01,4127.63,1532.52,2.5156,,,,,,,,,
10/22/01,4119.23,1532.55,2.5156,,,,,,,,,
10/29/01,4214.86,1516.39,2.4844,,,,,,,,,
11/5/01,4264.41,1551.39,2.4844,,,,,,,,,
11/12/01,4311.7,1573.82,2.0781,,,,,,,,,
11/19/01,4559.42,1620.66,2.0781,,,,,,,,,
11/26/01,4496.67,1629.76,2.0625,,,,,,,,,
12/3/01,4443.27,1591.48,2.0938,,,,,,,,,
12/10/01,4553.84,1606.23,1.8906,,,,,,,,,
12/17/01,4586.23,1598.74,1.9219,,,,,,,,,
12/24/01,4407.58,1613.6,1.7031,,,,,,,,,
12/31/01,4594.62,1618.98,1.9063,,,,,,,,,
1/7/02,4669.68,1642.95,1.6875,,,,,,,,,
1/14/02,4531.43,1606.2,1.7656,,,,,,,,,
1/21/02,4478.22,1591.08,1.75,,,,,,,,,
1/28/02,4443.67,1598.86,1.8281,,,,,,,,,
2/4/02,4318.46,1544.89,1.8281,,,,,,,,,
2/11/02,4335.91,1570.21,1.7344,,,,,,,,,
2/18/02,4239.8,1559.98,1.8125,,,,,,,,,
2/25/02,4238.32,1567.59,1.7656,,,,,,,,,
3/4/02,4560.57,1631.25,1.7969,,,,,,,,,
3/11/02,4679.79,1652.04,1.7813,,,,,,,,,
3/18/02,4782.07,1648.73,1.7813,,,,,,,,,
3/25/02,4662.47,1601.21,1.75,,,,,,,,,
4/1/02,4747.35,1622.23,1.9531,,,,,,,,,
4/8/02,4533.16,1592.88,1.75,,,,,,,,,
4/15/02,4619.87,1560.92,1.9219,,,,,,,,,
4/22/02,4627.28,1568.52,1.7813,,,,,,,,,
4/29/02,4514.36,1508.75,1.8281,,,,,,,,,
5/6/02,4470.86,1491.05,1.75,,,,,,,,,
5/13/02,4532.65,1522.8,1.7656,,,,,,,,,
5/20/02,4605.96,1548.31,1.7344,,,,,,,,,
5/27/02,4562.92,1537.02,1.7813,,,,,,,,,
6/3/02,4453.83,1476.26,1.8281,,,,,,,,,
6/10/02,4333.61,1462.78,1.7656,,,,,,,,,
6/17/02,4222.07,1470.84,1.8438,,,,,,,,,
6/24/02,4034.99,1409.3,1.75,,,,,,,,,
7/1/02,4311.52,1375.88,1.8438,,,,,,,,,
7/8/02,4384.71,1388.44,1.75,,,,,,,,,
7/15/02,3936.79,1304.76,1.8281,,,,,,,,,
7/22/02,3716.29,1165.48,1.7656,,,,,,,,,
7/29/02,3773.85,1278.1,1.75,,,,,,,,,
8/5/02,3287.41,1187.07,1.7031,,,,,,,,,
8/12/02,3566.32,1286.09,1.75,,,,,,,,,
8/19/02,3747,1353.63,1.7813,,,,,,,,,
8/26/02,3680.65,1349.88,1.7813,,,,,,,,,
9/2/02,3553.02,1304.86,1.875,,,,,,,,,
9/9/02,3366.46,1286.79,1.7813,,,,,,,,,
9/16/02,3226.17,1270.45,1.8594,,,,,,,,,
9/23/02,2867.21,1188.76,1.7344,,,,,,,,,
9/30/02,2736.85,1163.04,1.875,,,,,,,,,
10/7/02,2620.9,1120.52,1.7344,,,,,,,,,
10/14/02,2812.93,1201.37,1.7344,,,,,,,,,
10/21/02,3196.38,1284.73,1.75,,,,,,,,,
10/28/02,3145.17,1271.2,1.7813,,,,,,,,,
11/4/02,3311.58,1297.69,1.7656,,,,,,,,,
11/11/02,3074.8,1252.42,1.3125,,,,,,,,,
11/18/02,3246.8,1287.79,1.25,,,,,,,,,
11/25/02,3273.88,1334.52,1.2656,,,,,,,,,
12/2/02,3360.83,1337.34,1.3281,,,,,,,,,
12/9/02,3088.58,1277.05,1.2656,,,,,,,,,
12/16/02,3268.8,1303.85,1.3594,,,,,,,,,
12/23/02,3081.39,1285.6,1.3281,,,,,,,,,
12/30/02,3023.56,1260.42,1.3594,,,,,,,,,
1/6/03,3309.16,1331.82,1.2656,,,,,,,,,
1/13/03,3230.18,1328.5,1.2813,,,,,,,,,
1/20/03,3087.81,1293.63,1.2813,,,,,,,,,
1/27/03,2862.55,1215.86,1.3125,,,,,,,,,
2/3/03,2954.29,1234.78,1.3125,,,,,,,,,
2/10/03,2785.63,1200.51,1.25,,,,,,,,,
2/17/03,2908.37,1199.61,1.3125,,,,,,,,,
2/24/03,2769.01,1196.71,1.2813,,,,,,,,,
3/3/03,2765.37,1200.6,1.3594,,,,,,,,,
3/10/03,2574.92,1161.85,1.2344,,,,,,,,,
3/17/03,2658.99,1242.09,1.3438,,,,,,,,,
3/24/03,2716.66,1244.31,1.2656,,,,,,,,,
3/31/03,2644.93,1221.46,1.4375,,,,,,,,,
4/7/03,2985.15,1267.49,1.2656,,,,,,,,,
4/14/03,2995.98,1275.82,1.3281,,,,,,,,,
4/21/03,3148.17,1285.72,1.25,,,,,,,,,
4/28/03,3248.3,1318.85,1.3281,,,,,,,,,
5/5/03,3398.3,1336.24,1.2656,,,,,,,,,
5/12/03,3391.45,1363.61,1.2656,,,,,,,,,
5/19/03,3331.55,1329.38,1.25,,,,,,,,,
5/26/03,3356.66,1347.49,1.2031,,,,,,,,,
6/2/03,3591,1396.7,1.3125,,,,,,,,,
6/9/03,3639.26,1410.21,1.2344,,,,,,,,,
6/16/03,3870.51,1461.15,1.3125,,,,,,,,,
6/23/03,3673.69,1419.24,1.25,,,,,,,,,
6/30/03,3698.58,1409.48,1.4219,,,,,,,,,
7/7/03,3780.75,1453.07,1.0625,,,,,,,,,
7/14/03,3830.43,1453,1.0313,,,,,,,,,
7/21/03,3721.58,1416.88,1.0313,,,,,,,,,
7/28/03,3926.31,1442.58,1.0625,,,,,,,,,
8/4/03,3861.02,1423.51,1.0313,,,,,,,,,
8/11/03,3782.47,1421.01,1.0469,,,,,,,,,
8/18/03,3914.4,1449.65,1.0781,,,,,,,,,
8/25/03,3815.43,1441.11,1.0938,,,,,,,,,
9/1/03,3918.57,1462.3,1.0625,,,,,,,,,
9/8/03,4041.82,1497.22,1.0313,,,,,,,,,
9/15/03,3972.11,1473.43,1.0781,,,,,,,,,
9/22/03,3967.26,1485.16,0.9688,,,,,,,,,
9/29/03,3834.05,1462.2,1.125,,,,,,,,,
10/6/03,3971.32,1502.86,1.0313,,,,,,,,,
10/13/03,4131.74,1519.6,1,,,,,,,,,
10/20/03,4151.54,1518.97,1,,,,,,,,,
10/27/03,4140.86,1499.43,1.0313,,,,,,,,,
11/3/03,4296,1540.71,1.0625,,,,,,,,,
11/10/03,4310.21,1524.26,1,,,,,,,,,
11/17/03,4331.71,1520.07,1.0625,,,,,,,,,
11/24/03,4399.94,1532.69,1.0313,,,,,,,,,
12/1/03,4571.06,1559.5,1.0313,,,,,,,,,
12/8/03,4650.42,1558.96,1,,,,,,,,,
12/15/03,4763.81,1557.66,1.0313,,,,,,,,,
12/22/03,4815.43,1594.43,1,,,,,,,,,
12/29/03,4934.28,1619.16,1,,,,,,,,,
1/5/04,5114.39,1638.1,1,,,,,,,,,
1/12/04,5115.56,1646.03,1,,,,,,,,,
1/19/04,5123.23,1664.57,1.0313,,,,,,,,,
1/26/04,5186.44,1687.44,1,,,,,,,,,
2/2/04,5065.64,1658.79,1.0156,,,,,,,,,
2/9/04,5196.36,1666.16,1,,,,,,,,,
2/16/04,5203.85,1675.86,1.0313,,,,,,,,,
2/23/04,5110.08,1669.2,1,,,,,,,,,
3/1/04,5045.76,1691.9,1.0469,,,,,,,,,
3/8/04,5122.49,1679.74,1.0156,,,,,,,,,
3/15/04,4658.46,1617.91,1.0469,,,,,,,,,
3/22/04,4614.82,1604.8,1,,,,,,,,,
3/29/04,4716.1,1644.75,1.0469,,,,,,,,,
4/5/04,4863.82,1686.24,1.0156,,,,,,,,,
4/12/04,4844.35,1679.02,0.875,,,,,,,,,
4/19/04,4842.17,1665.39,1.0156,,,,,,,,,
4/26/04,4890.94,1665.19,1,,,,,,,,,
5/3/04,4790.76,1639.46,1.0156,,,,,,,,,
5/10/04,4486.96,1595.38,1.0156,,,,,,,,,
5/17/04,4504.36,1592.23,1.0469,,,,,,,,,
5/24/04,4626.74,1609.22,1.0156,,,,,,,,,
5/31/04,4788.7,1646.8,1.0625,,,,,,,,,
6/7/04,4945.94,1676.48,1.0156,,,,,,,,,
6/14/04,4771.54,1655,1.0313,,,,,,,,,
6/21/04,4824.23,1662.46,0.9688,,,,,,,,,
6/28/04,4960.75,1667.61,1.1406,,,,,,,,,
7/5/04,4904.03,1656.33,1.2656,,,,,,,,,
7/12/04,4830.33,1640.73,1.2656,,,,,,,,,
7/19/04,4736.49,1621.08,1.25,,,,,,,,,
7/26/04,4560.14,1596.48,1.2813,,,,,,,,,
8/2/04,4648.92,1630.48,1.3281,,,,,,,,,
8/9/04,4523.12,1569.96,1.375,,,,,,,,,
8/16/04,4566.11,1591.94,1.5625,,,,,,,,,
8/23/04,4604.69,1616.68,1.5313,,,,,,,,,
8/30/04,4622.53,1622.28,1.5469,,,,,,,,,
9/6/04,4695.13,1644.25,1.4844,,,,,,,,,
9/13/04,4840.56,1663.1,1.5,,,,,,,,,
9/20/04,4832.05,1657.88,1.6406,,,,,,,,,
9/27/04,4765.13,1630.67,1.75,,,,,,,,,
10/4/04,4945.18,1678.1,1.7813,,,,,,,,,
10/11/04,4974.27,1662.84,1.8125,,,,,,,,,
10/18/04,4901,1647.69,1.7656,,,,,,,,,
10/25/04,4924.3,1619.48,1.75,,,,,,,,,
11/1/04,5114.15,1673.1,1.8281,,,,,,,,,
11/8/04,5269.23,1724.59,1.8594,,,,,,,,,
11/15/04,5350.32,1753.99,2.0625,,,,,,,,,
11/22/04,5378.81,1744.71,2,,,,,,,,,
11/29/04,5509.59,1747.34,2.0625,,,,,,,,,
12/6/04,5631.04,1765.33,2.0313,,,,,,,,,
12/13/04,5610.44,1778.54,2.1719,,,,,,,,,
12/20/04,5646.76,1772.87,2.2656,,,,,,,,,
12/27/04,5769.57,1788.76,2.2656,,,,,,,,,
1/3/05,5776.81,1784.96,2.2813,,,,,,,,,
1/10/05,5640.7,1768.17,2.2656,,,,,,,,,
1/17/05,5554.68,1759.98,2.2969,,,,,,,,,
1/24/05,5480.68,1729.33,2.25,,,,,,,,,
1/31/05,5546.52,1755.68,2.5,,,,,,,,,
2/7/05,5602.57,1786.92,2.4844,,,,,,,,,
2/14/05,5687.03,1794.98,2.5469,,,,,,,,,
2/21/05,5690.67,1788.65,2.5,,,,,,,,,
2/28/05,5774.35,1792.63,2.5781,,,,,,,,,
3/7/05,5840.76,1825.7,2.5156,,,,,,,,,
3/14/05,5839.42,1799.14,2.5469,,,,,,,,,
3/21/05,5664.03,1764.98,2.75,,,,,,,,,
3/28/05,5592.51,1750.88,2.7188,,,,,,,,,
4/4/05,5567.75,1754.43,2.7656,,,,,,,,,
4/11/05,5697.1,1762.56,2.7813,,,,,,,,,
4/18/05,5467.99,1710.27,2.75,,,,,,,,,
4/25/05,5512.02,1734.56,2.7656,,,,,,,,,
5/2/05,5423.07,1735.43,2.9688,,,,,,,,,
5/9/05,5505.54,1760.87,2.9688,,,,,,,,,
5/16/05,5379.55,1742.74,3.0469,,,,,,,,,
5/23/05,5544.89,1785.46,3,,,,,,,,,
5/30/05,5588.83,1793.34,2.9063,,,,,,,,,
6/6/05,5523.98,1792.14,3,,,,,,,,,
6/13/05,5536.26,1798.07,2.9844,,,,,,,,,
6/20/05,5566.87,1821.06,3,,,,,,,,,
6/27/05,5501.82,1783.45,3.125,,,,,,,,,
7/4/05,5504.65,1789.85,3.2813,,,,,,,,,
7/11/05,5627.94,1827.91,3.2344,,,,,,,,,
7/18/05,5691.16,1830.75,3.2344,,,,,,,,,
7/25/05,5843.21,1842.84,3.25,,,,,,,,,
8/1/05,5970.91,1853.13,3.2656,,,,,,,,,
8/8/05,5982.25,1835.37,3.5,,,,,,,,,
8/15/05,6087.17,1852.78,3.5469,,,,,,,,,
8/22/05,6044.73,1835.32,3.5,,,,,,,,,
8/29/05,5904.27,1821.56,3.5156,,,,,,,,,
9/5/05,6145.26,1831.06,3.4531,,,,,,,,,
9/12/05,6129.87,1865.45,3.5,,,,,,,,,
9/19/05,5984.03,1851.74,3.7188,,,,,,,,,
9/26/05,6013.79,1829.05,3.75,,,,,,,,,
10/3/05,6052.34,1846.17,3.8438,,,,,,,,,
10/10/05,6049.85,1787.8,3.75,,,,,,,,,
10/17/05,5989.25,1792.33,3.8125,,,,,,,,,
10/24/05,5872.08,1806.59,3.7656,,,,,,,,,
10/31/05,5903.79,1818.5,4.0156,,,,,,,,,
11/7/05,5925.72,1843.27,3.9844,,,,,,,,,
11/14/05,5958.84,1861.25,4.0156,,,,,,,,,
11/21/05,6070.16,1893.93,3.9844,,,,,,,,,
11/28/05,6105.02,1898.37,4.0156,,,,,,,,,
12/5/05,6193.94,1906.42,4,,,,,,,,,
12/12/05,6336.86,1904.59,4.2188,,,,,,,,,
12/19/05,6417.19,1904.21,4.2656,,,,,,,,,
12/26/05,6431.33,1918.25,4.2188,,,,,,,,,
1/2/06,6428.67,1887.94,4.1563,,,,,,,,,
1/9/06,6686.42,1952.13,4.2656,,,,,,,,,
1/16/06,6683.96,1948.64,4.2813,,,,,,,,,
1/23/06,6569.65,1912.91,4.25,,,,,,,,,
1/30/06,6839.39,1945.66,4.5313,,,,,,,,,
2/6/06,6788.04,1916.04,4.4844,,,,,,,,,
2/13/06,6853.53,1914.02,4.5313,,,,,,,,,
2/20/06,6921.82,1951.83,4.3906,,,,,,,,,
2/27/06,7013.86,1963.58,4.4844,,,,,,,,,
3/6/06,6910.38,1940.2,4.5,,,,,,,,,
3/13/06,6983.44,1950.39,4.5,,,,,,,,,
3/20/06,7186.08,1982.4,4.5313,,,,,,,,,
3/27/06,7112.8,1977.19,4.75,,,,,,,,,
4/3/06,7297.95,1971.92,4.8281,,,,,,,,,
4/10/06,7266.77,1971.03,4.7656,,,,,,,,,
4/17/06,7268.29,1954.25,4.8438,,,,,,,,,
4/24/06,7517.37,1989.2,4.7656,,,,,,,,,
5/1/06,7583.69,1985.55,4.8281,,,,,,,,,
5/8/06,7793.53,2015.84,4.9375,,,,,,,,,
5/15/06,7515.28,1971.45,5.0781,,,,,,,,,
5/22/06,7106.94,1922.72,5.0156,,,,,,,,,
5/29/06,7341.11,1950.87,5,,,,,,,,,
6/5/06,7275.03,1929.23,5.0156,,,,,,,,,
6/12/06,6789.66,1885.81,5.0156,,,,,,,,,
6/19/06,6828.35,1892.12,5,,,,,,,,,
6/26/06,6921.48,1908.56,5.0313,,,,,,,,,
7/3/06,7313.43,1954.49,5.3438,,,,,,,,,
7/10/06,7268.76,1935.61,5.265,,,,,,,,,
7/17/06,6781.46,1885.82,5.255,,,,,,,,,
7/24/06,7042.76,1926.5,5.245,,,,,,,,,
7/31/06,7250.92,1950.99,5.305,,,,,,,,,
8/7/06,7235.88,1950.63,5.275,,,,,,,,,
8/14/06,7254.05,1940.5,5.305,,,,,,,,,
8/21/06,7486.84,1986.11,5.265,,,,,,,,,
8/28/06,7489.23,1993.06,5.255,,,,,,,,,
9/4/06,7602.83,2008.47,5.265,,,,,,,,,
9/11/06,7359.8,1991.49,5.265,,,,,,,,,
9/18/06,7518.08,2025.39,5.255,,,,,,,,,
9/25/06,7518.25,2033.87,5.235,,,,,,,,,
10/2/06,7645.95,2041.99,5.265,,,,,,,,,
10/9/06,7667.74,2072.71,5.245,,,,,,,,,
10/16/06,7743.18,2101.26,5.255,,,,,,,,,
10/23/06,7835.15,2113.82,5.245,,,,,,,,,
10/30/06,7958.07,2115.63,5.315,,,,,,,,,
11/6/06,8047.85,2119.53,5.255,,,,,,,,,
11/13/06,8192.25,2128.17,5.255,,,,,,,,,
11/20/06,8269.86,2153.76,5.245,,,,,,,,,
11/27/06,8265.38,2125.67,5.255,,,,,,,,,
12/4/06,8387.7,2169,5.255,,,,,,,,,
12/11/06,8549.69,2175.8,5.255,,,,,,,,,
12/18/06,8619.75,2190.97,5.255,,,,,,,,,
12/25/06,8555.2,2173.9,5.255,,,,,,,,,
1/1/07,8698.89,2186.13,5.295,,,,,,,,,
1/8/07,8595.54,2178.8,5.26,,,,,,,,,
1/15/07,8706.82,2206.68,5.285,,,,,,,,,
1/22/07,8664.49,2195,5.25,,,,,,,,,
1/29/07,8700.22,2191.71,5.25,,,,,,,,,
2/5/07,8885.55,2233.44,5.255,,,,,,,,,
2/12/07,8891.39,2213.58,5.255,,,,,,,,,
2/19/07,9181.78,2249.06,5.265,,,,,,,,,
2/26/07,9255.18,2240.73,5.255,,,,,,,,,
3/5/07,8560.04,2125.34,5.265,,,,,,,,,
3/12/07,8854.59,2176.5,5.265,,,,,,,,,
3/19/07,8872.47,2170.33,5.265,,,,,,,,,
3/26/07,9104.18,2225.26,5.265,,,,,,,,,
4/2/07,9278.15,2205.85,5.265,,,,,,,,,
4/9/07,9489.58,2238.03,5.28,,,,,,,,,
4/16/07,9942.52,2275.35,5.34,,,,,,,,,
4/23/07,9951.77,2294.82,5.25,,,,,,,,,
4/30/07,10111.6,2297.57,5.31,,,,,,,,,
5/7/07,10251.25,2340.68,5.27,,,,,,,,,
5/14/07,10099.08,2332.43,5.3,,,,,,,,,
5/21/07,10253.98,2367.63,5.26,,,,,,,,,
5/28/07,10414.61,2353.42,5.26,,,,,,,,,
6/4/07,10755.41,2391.13,5.27,,,,,,,,,
6/11/07,10283.66,2345.27,5.26,,,,,,,,,
6/18/07,10765.32,2380.09,5.27,,,,,,,,,
6/25/07,10668.32,2328.91,5.26,,,,,,,,,
7/2/07,10845.79,2363.28,5.265,,,,,,,,,
7/9/07,11007.95,2383.8,5.27,,,,,,,,,
7/16/07,11164.94,2411.65,5.27,,,,,,,,,
7/23/07,10976.28,2399.64,5.26,,,,,,,,,
7/30/07,10202.4,2294.75,5.365,,,,,,,,,
8/6/07,10270.04,2285.93,5.28,,,,,,,,,
8/13/07,10177.19,2264.58,5.5,,,,,,,,,
8/20/07,9985.29,2254.07,5.275,,,,,,,,,
8/27/07,10212.02,2287.62,5.275,,,,,,,,,
9/3/07,10410.28,2299.71,5.7,,,,,,,,,
9/10/07,10172.28,2266.51,5.305,,,,,,,,,
9/17/07,10373.08,2306.25,5.375,,,,,,,,,
9/24/07,10975.26,2371.03,4.855,,,,,,,,,
10/1/07,11283.46,2417.44,4.95,,,,,,,,,
10/8/07,11215.85,2427.33,4.855,,,,,,,,,
10/15/07,11336.26,2421.67,4.845,,,,,,,,,
10/22/07,11026.91,2355.74,4.775,,,,,,,,,
10/29/07,11537.37,2410.33,4.855,,,,,,,,,
11/5/07,11297.97,2350.69,4.585,,,,,,,,,
11/12/07,11347.91,2253.53,4.555,,,,,,,,,
11/19/07,11008.04,2245.81,4.625,,,,,,,,,
11/26/07,11229.9,2205.49,4.695,,,,,,,,,
12/3/07,11487.72,2308.74,4.725,,,,,,,,,
12/10/07,11819.64,2378.6,4.435,,,,,,,,,
12/17/07,11250.42,2269.24,4.375,,,,,,,,,
12/24/07,11527.42,2349.66,4.325,,,,,,,,,
12/31/07,11794.38,2306.23,4.4,,,,,,,,,
1/7/08,11505.19,2224.76,4.275,,,,,,,,,
1/14/08,11505.48,2225.98,4.275,,,,,,,,,
1/21/08,9831.79,2083.24,4.27,,,,,,,,,
1/28/08,10089.12,2128.64,3.555,,,,,,,,,
2/4/08,10371.07,2171.51,3.235,,,,,,,,,
2/11/08,9776.08,2107.65,3.045,,,,,,,,,
2/18/08,10208.7,2125.85,3.09,,,,,,,,,
2/25/08,10207.05,2161.51,3.045,,,,,,,,,
3/3/08,10170.08,2098.64,3.115,,,,,,,,,
3/10/08,9910.13,2008.71,3.055,,,,,,,,,
3/17/08,9746.33,2014.88,3.375,,,,,,,,,
3/24/08,9729.14,2130.62,2.75,,,,,,,,,
3/31/08,10354.88,2088.42,3.2,,,,,,,,,
4/7/08,10717.52,2167.61,2.625,,,,,,,,,
4/14/08,10383.24,2098.92,2.525,,,,,,,,,
4/21/08,10803.3,2193.87,2.675,,,,,,,,,
4/28/08,10833.02,2207.02,2.425,,,,,,,,,
5/5/08,10917.78,2225.37,2.475,,,,,,,,,
5/12/08,10907.06,2220.81,2.215,,,,,,,,,
5/19/08,11210.47,2258.74,2.155,,,,,,,,,
5/26/08,10970.19,2179.05,2.145,,,,,,,,,
6/2/08,10883.18,2195.27,2.305,,,,,,,,,
6/9/08,10720.56,2159.03,2.105,,,,,,,,,
6/16/08,10404.93,2157.14,2.205,,,,,,,,,
6/23/08,10204.12,2090.94,2.065,,,,,,,,,
6/30/08,10112.07,2031.47,2.32,,,,,,,,,
7/7/08,10017.69,1988.09,2.345,,,,,,,,,
7/14/08,9857.37,1951.08,2.375,,,,,,,,,
7/21/08,10189.81,2001.86,2.055,,,,,,,,,
7/28/08,9994.82,1961.23,2.355,,,,,,,,,
8/4/08,9911.81,1985.23,2.225,,,,,,,,,
8/11/08,9914.21,2076.59,2.195,,,,,,,,,
8/18/08,9457.69,2035.3,2.115,,,,,,,,,
8/25/08,9306.09,2017.27,2.045,,,,,,,,,
9/1/08,9368.92,2043.53,2.155,,,,,,,,,
9/8/08,8897.8,2021.13,2.085,,,,,,,,,
9/15/08,8604.9,1902.17,5.75,,,,,,,,,
9/22/08,8939.68,1925.85,2.75,,,,,,,,,
9/29/08,8382.22,1765.72,5.25,,,,,,,,,
10/6/08,7271.67,1687.34,2.75,,,,,,,,,
10/13/08,6877.91,1602.93,3.25,,,,,,,,,
10/20/08,6434.23,1574.5,1.625,,,,,,,,,
10/27/08,5395.93,1356.78,1.375,,,,,,,,,
11/3/08,6413.66,1544.91,0.375,,,,,,,,,
11/10/08,6442.04,1471.64,0.3,,,,,,,,,
11/17/08,5761.55,1363.14,0.37,,,,,,,,,
11/24/08,5842.87,1365.63,0.775,,,,,,,,,
12/1/08,5535.43,1309.39,1,,,,,,,,,
12/8/08,6097.31,1460.6,0.15,,,,,,,,,
12/15/08,6363.73,1395.21,0.075,,,,,,,,,
12/22/08,6457.95,1400.42,0.095,,,,,,,,,
12/29/08,6697.97,1398.25,0.2,,,,,,,,,
1/5/09,6794.93,1492.21,0.1,,,,,,,,,
1/12/09,6301.49,1401.07,0.075,,,,,,,,,
1/19/09,5676.52,1368.92,0.125,,,,,,,,,
1/26/09,5682.41,1347.47,0.225,,,,,,,,,
2/2/09,5469.18,1329.81,0.25,,,,,,,,,
2/9/09,6099.29,1403.19,0.275,,,,,,,,,
2/16/09,5588.16,1334.83,0.275,,,,,,,,,
2/23/09,5012.51,1201.56,0.275,,,,,,,,,
3/2/09,4670.81,1133.43,0.3,,,,,,,,,
3/9/09,4665.26,1095.04,0.325,,,,,,,,,
3/16/09,5256.55,1221.03,0.305,,,,,,,,,
3/23/09,5666.3,1333.21,0.255,,,,,,,,,
3/30/09,5251.92,1276.22,0.4,,,,,,,,,
4/6/09,5831.19,1354.36,0.325,,,,,,,,,
4/13/09,5981.95,1393.13,0.225,,,,,,,,,
4/20/09,5796.66,1350.52,0.2,,,,,,,,,
4/27/09,6162.61,1391.58,0.275,,,,,,,,,
5/4/09,6541.45,1472.64,0.25,,,,,,,,,
5/11/09,6629.9,1477.2,0.25,,,,,,,,,
5/18/09,6546.12,1479.24,0.25,,,,,,,,,
5/25/09,6889.5,1443.14,0.25,,,,,,,,,
6/1/09,7280.23,1534.65,0.25,,,,,,,,,
6/8/09,6935.82,1529.59,0.75,,,,,,,,,
6/15/09,6764.82,1505.06,0.25,,,,,,,,,
6/22/09,6514.45,1455.54,0.26,,,,,,,,,
6/29/09,6867.84,1511.7,0.325,,,,,,,,,
7/6/09,6475.94,1465.58,0.3,,,,,,,,,
7/13/09,6587,1470.43,0.305,,,,,,,,,
7/20/09,7149.04,1552.26,0.275,,,,,,,,,
7/27/09,7468.53,1603.26,0.305,,,,,,,,,
8/3/09,7823.5,1637.06,0.25,,,,,,,,,
8/10/09,7673.92,1645.26,0.275,,,,,,,,,
8/17/09,7319.84,1602.06,0.24,,,,,,,,,
8/24/09,7904.44,1677.94,0.22,,,,,,,,,
8/31/09,7841.93,1670.52,0.24,,,,,,,,,
9/7/09,7832.65,1664.34,0.25,,,,,,,,,
9/14/09,8222.57,1719.04,0.25,,,,,,,,,
9/21/09,8308.19,1744.47,0.17,,,,,,,,,
9/28/09,8391.97,1742.32,0.25,,,,,,,,,
10/5/09,8058.5,1705.73,0.23,,,,,,,,,
10/12/09,8564.83,1765.31,0.23,,,,,,,,,
10/19/09,8746.51,1801.12,0.22,,,,,,,,,
10/26/09,8430.19,1750.75,0.22,,,,,,,,,
11/2/09,8046.93,1711.65,0.15,,,,,,,,,
11/9/09,8433.28,1795.56,0.16,,,,,,,,,
11/16/09,8694.85,1823.29,0.17,,,,,,,,,
11/23/09,8690.96,1819.17,0.16,,,,,,,,,
11/30/09,8446.11,1802.68,0.15,,,,,,,,,
12/7/09,8578.1,1815.7,0.15,,,,,,,,,
12/14/09,8502.55,1834.55,0.15,,,,,,,,,
12/21/09,8489.43,1834.59,0.15,,,,,,,,,
12/28/09,8638.34,1857.89,0.15,,,,,,,,,
1/4/10,8732.67,1867.06,0.2,,,,,,,,,
1/11/10,8786.67,1891.06,0.2,,,,,,,,,
1/18/10,8513.14,1873.3,0.19,,,,,,,,,
1/25/10,7972.01,1808.93,0.19,,,,,,,,,
2/1/10,7857.48,1796.67,0.155,,,,,,,,,
2/8/10,7514.88,1744.37,0.16,,,,,,,,,
2/15/10,7492.61,1776.5,0.185,,,,,,,,,
2/22/10,7731.1,1831.21,0.18,,,,,,,,,
3/1/10,7700.99,1844.87,0.18,,,,,,,,,
3/8/10,8022.09,1883.29,0.215,,,,,,,,,
3/15/10,8059.16,1904.19,0.22,,,,,,,,,
3/22/10,8101.17,1929.64,0.235,,,,,,,,,
3/29/10,8293.93,1942.51,0.235,,,,,,,,,
4/5/10,8422.02,1966.44,0.255,,,,,,,,,
4/12/10,8505.9,1982.4,0.255,,,,,,,,,
4/19/10,8298.39,1984.32,0.285,,,,,,,,,
4/26/10,8436.8,2008.55,0.26,,,,,,,,,
5/3/10,8125.01,1992.87,0.265,,,,,,,,,
5/10/10,7726.67,1923.39,0.295,,,,,,,,,
5/17/10,7483.74,1887.11,0.295,,,,,,,,,
5/24/10,7186.3,1782.77,0.295,,,,,,,,,
5/31/10,7318.76,1809.98,0.22,,,,,,,,,
6/7/10,7044.66,1745.87,0.295,,,,,,,,,
6/14/10,7519.6,1812.02,0.345,,,,,,,,,
6/21/10,7790.77,1851.55,0.295,,,,,,,,,
6/28/10,7593.77,1787.94,0.295,,,,,,,,,
7/5/10,7288.51,1701.86,0.345,,,,,,,,,
7/12/10,7648.15,1796.3,0.295,,,,,,,,,
7/19/10,7792.29,1784.06,0.295,,,,,,,,,
7/26/10,8012.73,1857.34,0.275,,,,,,,,,
8/2/10,8296.63,1875.85,0.325,,,,,,,,,
8/9/10,8413.02,1880.06,0.325,,,,,,,,,
8/16/10,7849.15,1800.7,0.295,,,,,,,,,
8/23/10,7607.62,1781.47,0.295,,,,,,,,,
8/30/10,7501.17,1751.79,0.295,,,,,,,,,
9/6/10,7926.84,1845.1,0.295,,,,,,,,,
9/13/10,8058.29,1875.41,0.275,,,,,,,,,
9/20/10,8235.95,1910.6,0.295,,,,,,,,,
9/27/10,8458.18,1909.98,0.295,,,,,,,,,
10/4/10,8392.21,1902.15,0.24,,,,,,,,,
10/11/10,8766.58,1950.47,0.285,,,,,,,,,
10/18/10,9101.72,1983.17,0.25,,,,,,,,,
10/25/10,9280.64,1985.11,0.24,,,,,,,,,
11/1/10,9172.95,1983.47,0.275,,,,,,,,,
11/8/10,9383.62,2049.69,0.24,,,,,,,,,
11/15/10,9231.06,2008.25,0.22,,,,,,,,,
11/22/10,9283.83,2009.52,0.24,,,,,,,,,
11/29/10,8766.52,1993.83,0.26,,,,,,,,,
12/6/10,9239.86,2053.8,0.24,,,,,,,,,
12/13/10,9410.76,2084,0.25,,,,,,,,,
12/20/10,9194.43,2095.32,0.3,,,,,,,,,
12/27/10,9166.79,2113.67,0.29,,,,,,,,,
1/3/11,9339.58,2138.3,0.26,,,,,,,,,
1/10/11,8872.61,2135.86,0.275,,,,,,,,,
1/17/11,9405.56,2175.68,0.275,,,,,,,,,
1/24/11,9665.43,2172.03,0.25,,,,,,,,,
1/31/11,9703.34,2164.4,0.255,,,,,,,,,
2/7/11,9864.18,2220.6,0.24,,,,,,,,,
2/14/11,9956.3,2244.89,0.23,,,,,,,,,
2/21/11,10009.35,2263.79,0.255,,,,,,,,,
2/28/11,10044.69,2238.55,0.255,,,,,,,,,
3/7/11,10036.27,2210.26,0.23,,,,,,,,,
3/14/11,9596.43,2188.56,0.2,,,,,,,,,
3/21/11,9668.6,2192.09,0.19,,,,,,,,,
3/28/11,9787.72,2212.32,0.23,,,,,,,,,
4/4/11,10213.63,2251.64,0.225,,,,,,,,,
4/11/11,10412.57,2238.51,0.17,,,,,,,,,
4/18/11,9981.57,2206.15,0.175,,,,,,,,,
4/25/11,10622.17,2257.24,0.19,,,,,,,,,
5/2/11,11209.87,2301.72,0.175,,,,,,,,,
5/9/11,10571.39,2277.3,0.13,,,,,,,,,
5/16/11,10516.87,2250.61,0.13,,,,,,,,,
5/23/11,9985.78,2231.31,0.15,,,,,,,,,
5/30/11,10218.26,2255.74,0.15,,,,,,,,,
6/6/11,10345.8,2180.14,0.15,,,,,,,,,
6/13/11,10185.76,2157.15,0.15,,,,,,,,,
6/20/11,10233.07,2168.8,0.13,,,,,,,,,
6/27/11,10150.84,2172.08,0.15,,,,,,,,,
7/4/11,10801.45,2274.26,0.13,,,,,,,,,
7/11/11,10115.25,2241.07,0.13,,,,,,,,,
7/18/11,9969.11,2217.55,0.19,,,,,,,,,
7/25/11,10530,2272.47,0.19,,,,,,,,,
8/1/11,9875.63,2187,0.15,,,,,,,,,
8/8/11,8404.04,1903.47,0.15,,,,,,,,,
8/15/11,8699.57,2049.51,0.195,,,,,,,,,
8/22/11,7871.8,1913.27,0.195,,,,,,,,,
8/29/11,8241.05,2061.05,0.16,,,,,,,,,
9/5/11,7403.3,2000.5,0.16,,,,,,,,,
9/12/11,6903.17,1981.3,0.205,,,,,,,,,
9/19/11,7372.37,2053.74,0.2,,,,,,,,,
9/26/11,7201.26,1983.97,0.19,,,,,,,,,
10/3/11,7136.95,1875.95,0.16,,,,,,,,,
10/10/11,7984.43,2040.76,0.16,,,,,,,,,
10/17/11,8064.62,2051.54,0.16,,,,,,,,,
10/24/11,8406.94,2143.13,0.16,,,,,,,,,
10/31/11,8566.09,2141.81,0.16,,,,,,,,,
11/7/11,8152.54,2156,0.25,,,,,,,,,
11/14/11,8159.21,2142.09,0.16,,,,,,,,,
11/21/11,7549.94,2042.71,0.25,,,,,,,,,
11/28/11,7670.73,2042.8,0.25,,,,,,,,,
12/5/11,8223.7,2154.68,0.25,,,,,,,,,
12/12/11,7646.07,2120.15,0.25,,,,,,,,,
12/19/11,7382.17,2067.67,0.25,,,,,,,,,
12/26/11,7665.36,2171.5,0.18,,,,,,,,,
1/2/12,7886.87,2158.94,0.18,,,,,,,,,
1/9/12,7664.22,2200,0.25,,,,,,,,,
1/16/12,7882,2214.73,0.2,,,,,,,,,
1/23/12,8397.71,2261.47,0.35,,,,,,,,,
1/30/12,8451.26,2256.72,0.15,,,,,,,,,
2/6/12,8846.96,2311.55,0.15,,,,,,,,,
2/13/12,8906.09,2325.81,0.15,,,,,,,,,
2/20/12,9218.17,2343.67,0.205,,,,,,,,,
2/27/12,9175.14,2355.74,0.18,,,,,,,,,
3/5/12,9086.23,2351.28,0.19,,,,,,,,,
3/12/12,9068.63,2364.1,0.19,,,,,,,,,
3/19/12,9473.92,2431.73,0.19,,,,,,,,,
3/26/12,9433.82,2443.64,0.18,,,,,,,,,
4/2/12,9385.94,2449.08,0.185,,,,,,,,,
4/9/12,8855.67,2387.03,0.185,,,,,,,,,
4/16/12,8653.64,2365.65,0.18,,,,,,,,,
4/23/12,8560.96,2361.35,0.18,,,,,,,,,
4/30/12,8949.11,2415.42,0.155,,,,,,,,,
5/7/12,8572.88,2367.26,0.19,,,,,,,,,
5/14/12,8283.1,2315.45,0.195,,,,,,,,,
5/21/12,8083.23,2278.24,0.19,,,,,,,,,
5/28/12,7928.05,2281.92,0.15,,,,,,,,,
6/4/12,7470.35,2214.7,0.185,,,,,,,,,
6/11/12,7683.17,2268.94,0.17,,,,,,,,,
6/18/12,7859.91,2332.07,0.195,,,,,,,,,
6/25/12,7653.14,2278.98,0.175,,,,,,,,,
7/2/12,8174.51,2369.75,0.315,,,,,,,,,
7/9/12,7856.23,2348.52,0.2,,,,,,,,,
7/16/12,8036.07,2350.94,0.17,,,,,,,,,
7/23/12,7778.42,2346.22,0.17,,,,,,,,,
7/30/12,8293.4,2406.99,0.17,,,,,,,,,
8/6/12,8588.31,2423.46,0.25,,,,,,,,,
8/13/12,8534.55,2443.05,0.17,,,,,,,,,
8/20/12,8679.98,2468.99,0.17,,,,,,,,,
8/27/12,8820.56,2456.22,0.19,,,,,,,,,
9/3/12,8826.67,2450.6,0.19,,,,,,,,,
9/10/12,9223.71,2491.11,0.19,,,,,,,,,
9/17/12,9726.68,2548.26,0.19,,,,,,,,,
9/24/12,9574.46,2541.23,0.19,,,,,,,,,
10/1/12,9454.89,2520.71,0.19,,,,,,,,,
10/8/12,9455.7,2542.21,0.19,,,,,,,,,
10/15/12,9393.66,2515.44,0.17,,,,,,,,,
10/22/12,9578.13,2504.96,0.19,,,,,,,,,
10/29/12,9295.62,2466.8,0.19,,,,,,,,,
11/5/12,9365.27,2476.94,0.17,,,,,,,,,
11/12/12,9111.96,2414.24,0.2,,,,,,,,,
11/19/12,9128.73,2428.47,0.325,,,,,,,,,
11/26/12,9454.13,2463.12,0.25,,,,,,,,,
12/3/12,9719.28,2470.07,0.25,,,,,,,,,
12/10/12,9734.69,2487.78,0.25,,,,,,,,,
12/17/12,10009.07,2509.84,0.25,,,,,,,,,
12/24/12,10076.04,2504.51,0.16,,,,,,,,,
12/31/12,10036.5,2504.44,0.17,,,,,,,,,
1/7/13,10129.16,2567.63,0.17,,,,,,,,,
1/14/13,10331.36,2584.27,0.27,,,,,,,,,
1/21/13,10317.74,2611.54,0.25,,,,,,,,,
1/28/13,10544.2,2636.83,0.23,,,,,,,,,
2/4/13,10356.78,2630.05,0.25,,,,,,,,,
2/11/13,10212.83,2669.37,0.155,,,,,,,,,
2/18/13,10185.16,2676.21,0.17,,,,,,,,,
2/25/13,10271.49,2621.46,0.275,,,,,,,,,
3/4/13,10006.32,2688.54,0.23,,,,,,,,,
3/11/13,10391.42,2744.81,0.275,,,,,,,,,
3/18/13,10380.11,2738.68,0.26,,,,,,,,,
3/25/13,10139.9,2738.08,0.24,,,,,,,,,
4/1/13,10014.7,2757.83,0.145,,,,,,,,,
4/8/13,9974.28,2761.05,0.275,,,,,,,,,
4/15/13,10091.54,2742.63,0.275,,,,,,,,,
4/22/13,9744.4,2760.8,0.22,,,,,,,,,
4/29/13,10314.7,2816.39,0.25,,,,,,,,,
5/6/13,10591.57,2859.34,0.275,,,,,,,,,
5/13/13,10748.92,2891.17,0.275,,,,,,,,,
5/20/13,10871.16,2950.53,0.25,,,,,,,,,
5/27/13,10847.12,2921.88,0.275,,,,,,,,,
6/3/13,10796.38,2906.91,0.275,,,,,,,,,
6/10/13,10961.45,2912.63,0.17,,,,,,,,,
6/17/13,10966.51,2907.12,0.19,,,,,,,,,
6/24/13,10073.11,2790.66,0.2,,,,,,,,,
7/1/13,10407.81,2866.41,0.14,,,,,,,,,
7/8/13,10251.46,2913.2,0.18,,,,,,,,,
7/15/13,10744.79,2988.35,0.2,,,,,,,,,
7/22/13,10991.95,3012.3,0.17,,,,,,,,,
7/29/13,10946.12,2994.45,0.16,,,,,,,,,
8/5/13,11119.52,3034.43,0.16,,,,,,,,,
8/12/13,11112.32,3005.42,0.17,,,,,,,,,
8/19/13,11169.4,2930.27,0.17,,,,,,,,,
8/26/13,11281.94,2950.13,0.17,,,,,,,,,
9/2/13,10872.78,2908.96,0.31,,,,,,,,,
9/9/13,10968.08,2979.45,0.33,,,,,,,,,
9/16/13,11500.38,3026.94,0.15,,,,,,,,,
9/23/13,11650.86,3035.09,0.13,,,,,,,,,
9/30/13,11633.86,3000.18,0.23,,,,,,,,,
10/7/13,11659.71,2991.39,0.13,,,,,,,,,
10/14/13,11852.78,3053.84,0.25,,,,,,,,,
10/21/13,12126.58,3116.09,0.14,,,,,,,,,
10/28/13,12377.56,3147.36,0.14,,,,,,,,,
11/4/13,12209.06,3158.47,0.2,,,,,,,,,
11/11/13,12211.2,3168.41,0.155,,,,,,,,,
11/18/13,12477.24,3205.46,0.15,,,,,,,,,
11/25/13,12560.84,3226.53,0.21,,,,,,,,,
12/2/13,12745.63,3225.06,0.13,,,,,,,,,
12/9/13,12615.4,3239.99,0.17,,,,,,,,,
12/16/13,12603.06,3202.22,0.15,,,,,,,,,
12/23/13,13005.68,3277.62,0.13,,,,,,,,,
12/30/13,13195.42,3302.3,0.15,,,,,,,,,
1/6/14,12862.11,3277.48,0.14,,,,,,,,,
1/13/14,12984.79,3265.27,0.15,,,,,,,,,
1/20/14,13177.59,3300.51,0.12,,,,,,,,,
1/27/14,12783.31,3198.57,0.15,,,,,,,,,
2/3/14,12418.33,3127.87,0.13,,,,,,,,,
2/10/14,12678.1,3234.79,0.14,,,,,,,,,
2/17/14,13232.64,3306.92,0.14,,,,,,,,,
2/24/14,13327.28,3324.84,0.15,,,,,,,,,
3/3/14,12890.5,3322.85,0.14,,,,,,,,,
3/10/14,12859.96,3381.22,0.14,,,,,,,,,
3/17/14,12785.72,3349.71,0.13,,,,,,,,,
3/24/14,12665.4,3347.36,0.14,,,,,,,,,
3/31/14,13170.26,3375.51,0.09,,,,,,,,,
4/7/14,13069.68,3327.27,0.1,,,,,,,,,
4/14/14,12902.99,3302.98,0.13,,,,,,,,,
4/21/14,12989.22,3377.75,0.11,,,,,,,,,
4/28/14,13078.24,3374.04,0.15,,,,,,,,,
5/5/14,13225.59,3402.23,0.11,,,,,,,,,
5/12/14,13346.05,3427.01,0.12,,,,,,,,,
5/19/14,13252.55,3408.52,0.12,,,,,,,,,
5/26/14,13505.67,3437.58,0.12,,,,,,,,,
6/2/14,13540.07,3483.14,0.13,,,,,,,,,
6/9/14,13604.79,3532.47,0.12,,,,,,,,,
6/16/14,13413.11,3509.54,0.16,,,,,,,,,
6/23/14,13485.3,3555.14,0.15,,,,,,,,,
6/30/14,13462.22,3552.18,0.15,,,,,,,,,
7/7/14,13468.16,3584.75,0.18,,,,,,,,,
7/14/14,13331.46,3585.37,0.18,,,,,,,,,
7/21/14,12995.68,3579.99,0.11,,,,,,,,,
7/28/14,12898.87,3589.73,0.11,,,,,,,,,
8/4/14,12284.3,3518.31,0.17,,,,,,,,,
8/11/14,12290.76,3517.53,0.16,,,,,,,,,
8/18/14,12354.82,3582.7,0.11,,,,,,,,,
8/25/14,12551.49,3631.86,0.17,,,,,,,,,
9/1/14,12452.67,3643.34,0.17,,,,,,,,,
9/8/14,12635.27,3641.66,0.21,,,,,,,,,
9/15/14,12498.49,3611.52,0.17,,,,,,,,,
9/22/14,12501.19,3630.7,0.17,,,,,,,,,
9/29/14,11954.12,3602.09,0.13,,,,,,,,,
10/6/14,11575.13,3579.42,0.11,,,,,,,,,
10/13/14,11174.34,3417.01,0.18,,,,,,,,,
10/20/14,11141.8,3470.89,0.11,,,,,,,,,
10/27/14,11316.27,3576.47,0.17,,,,,,,,,
11/3/14,11550.2,3679.58,0.11,,,,,,,,,
11/10/14,11637.15,3720.25,0.17,,,,,,,,,
11/17/14,11592.54,3727.86,0.11,,,,,,,,,
11/24/14,12169.63,3780.88,0.11,,,,,,,,,
12/1/14,12431.45,3753.31,0.14,,,,,,,,,
12/8/14,12310.19,3767.7,0.13,,,,,,,,,
12/15/14,11594.82,3639.97,0.175,,,,,,,,,
12/22/14,12092.49,3803.94,0.175,,,,,,,,,
12/29/14,12091.8,3826.95,0.175,,,,,,,,,
1/5/15,11308.2,3700.03,0.175,,,,,,,,,
1/12/15,11560.5,3715.36,0.2,,,,,,,,,
1/19/15,11913.76,3699.79,0.185,,,,,,,,,
1/26/15,12154.47,3769.45,0.185,,,,,,,,,
2/2/15,12282.37,3703.77,0.2,,,,,,,,,
2/9/15,12087.59,3754.36,0.23,,,,,,,,,
2/16/15,12458.01,3849.29,0.185,,,,,,,,,
2/23/15,12638.64,3874.46,0.23,,,,,,,,,
3/2/15,12773.92,3890.32,0.185,,,,,,,,,
3/9/15,12561.63,3822.42,0.23,,,,,,,,,
3/16/15,12871.78,3827.62,0.15,,,,,,,,,
3/23/15,12998.83,3870.49,0.15,,,,,,,,,
3/30/15,13088.98,3838.65,0.17,,,,,,,,,
4/6/15,13203.84,3829.31,0.105,,,,,,,,,
4/13/15,13045.27,3852.93,0.175,,,,,,,,,
4/20/15,12788.64,3867.82,0.23,,,,,,,,,
4/27/15,13102.83,3884.1,0.23,,,,,,,,,
5/4/15,12969.2,3895.16,0.23,,,,,,,,,
5/11/15,13017.38,3881.93,0.23,,,,,,,,,
5/18/15,13175.55,3928.15,0.23,,,,,,,,,
5/25/15,13024.65,3924.16,0.12,,,,,,,,,
6/1/15,12462.55,3899.59,0.17,,,,,,,,,
6/8/15,12398.31,3841.45,0.24,,,,,,,,,
6/15/15,12361.41,3852.75,0.24,,,,,,,,,
6/22/15,13061.38,3924.41,0.17,,,,,,,,,
6/29/15,12358.53,3805.5,0.115,,,,,,,,,
7/6/15,12060.61,3827.35,0.17,,,,,,,,,
7/13/15,12645.33,3885.97,0.17,,,,,,,,,
7/20/15,12749.14,3939.35,0.06,,,,,,,,,
7/27/15,12274.33,3827.93,0.115,,,,,,,,,
8/3/15,12557.2,3885.07,0.115,,,,,,,,,
8/10/15,12742.69,3899.36,0.195,,,,,,,,,
8/17/15,12115.41,3899.1,0.115,,,,,,,,,
8/24/15,11168.08,3512.65,0.2,,,,,,,,,
8/31/15,11495.82,3660.75,0.13,,,,,,,,,
9/7/15,11280.68,3567.41,0.195,,,,,,,,,
9/14/15,11441.58,3628.87,0.13,,,,,,,,,
9/21/15,11137.85,3655.64,0.225,,,,,,,,,
9/28/15,10629.71,3498.61,0.16,,,,,,,,,
10/5/15,11003.6,3695.61,0.17,,,,,,,,,
10/12/15,11508.5,3753.73,0.23,,,,,,,,,
10/19/15,11495.93,3784.72,0.24,,,,,,,,,
10/26/15,11933.91,3855.29,0.2,,,,,,,,,
11/2/15,12083.99,3917.3,0.2,,,,,,,,,
11/9/15,11621.81,3873.37,0.17,,,,,,,,,
11/16/15,11481.54,3828.46,0.23,,,,,,,,,
11/23/15,11778.73,3892.8,0.23,,,,,,,,,
11/30/15,12020.98,3882.84,0.2,,,,,,,,,
12/7/15,11813.84,3878.31,0.2,,,,,,,,,
12/14/15,11180.66,3777.22,0.25,,,,,,,,,
12/21/15,11461.62,3777.15,0.445,,,,,,,,,
12/28/15,11688.65,3843.94,0.3,,,,,,,,,
1/4/16,11110.73,3763.99,0.55,,,,,,,,,
1/11/16,10664.07,3598.97,0.3,,,,,,,,,
1/18/16,10355.66,3518.51,0.3,,,,,,,,,
1/25/16,10547.1,3513.11,0.3,,,,,,,,,
2/1/16,10630.21,3630.46,0.48,,,,,,,,,
2/8/16,10009.32,3472.08,0.445,,,,,,,,,
2/15/16,10260.88,3496.28,0.47,,,,,,,,,
2/22/16,10557.13,3649.92,0.465,,,,,,,,,
2/29/16,10317.6,3627.06,0.465,,,,,,,,,
3/7/16,10741.13,3759.05,0.48,,,,,,,,,
3/14/16,11096.01,3795.53,0.48,,,,,,,,,
3/21/16,11201.59,3855.97,0.48,,,,,,,,,
3/28/16,11048.23,3829.26,0.41,,,,,,,,,
4/4/16,11179.16,3886,0.51,,,,,,,,,
4/11/16,11080.22,3842.17,0.51,,,,,,,,,
4/18/16,11465.01,3941.86,0.52,,,,,,,,,
4/25/16,11599.62,3929.88,0.495,,,,,,,,,
5/2/16,11655.83,3918.53,0.51,,,,,,,,,
5/9/16,11375.36,3878.14,0.4,,,,,,,,,
5/16/16,11277.72,3896.36,0.5,,,,,,,,,
5/23/16,11022.79,3863.82,0.52,,,,,,,,,
5/30/16,11509.13,3961.67,0.55,,,,,,,,,
6/6/16,11504.55,3982.74,0.52,,,,,,,,,
6/13/16,10912.83,3927.73,0.475,,,,,,,,,
6/20/16,11294.51,3936.91,0.5,,,,,,,,,
6/27/16,10173.23,3781.02,0.41,,,,,,,,,
7/4/16,10813.5,3976.68,0.42,,,,,,,,,
7/11/16,10862.02,4043.49,0.43,,,,,,,,,
7/18/16,11135.25,4100.4,0.53,,,,,,,,,
7/25/16,11191.11,4104.13,0.55,,,,,,,,,
8/1/16,11540.47,4109.28,0.53,,,,,,,,,
8/8/16,11553.05,4131.19,0.43,,,,,,,,,
8/15/16,12025.36,4151.69,0.45,,,,,,,,,
8/22/16,11889.2,4139.97,0.47,,,,,,,,,
8/29/16,11775.35,4136.75,0.47,,,,,,,,,
9/5/16,11895.1,4137.7,0.47,,,,,,,,,
9/12/16,11704.05,4099.47,0.47,,,,,,,,,
9/19/16,11600.68,4063.94,0.47,,,,,,,,,
9/26/16,11711.31,4077.71,0.47,,,,,,,,,
10/3/16,11791.53,4108.13,0.47,,,,,,,,,
10/10/16,11853.07,4115.12,0.49,,,,,,,,,
10/17/16,11545.29,4045.07,0.49,,,,,,,,,
10/24/16,11713.03,4093.22,0.49,,,,,,,,,
10/31/16,11690.82,4045.89,0.49,,,,,,,,,
11/7/16,11538.59,4058.3,0.49,,,,,,,,,
11/14/16,11467.23,4123.81,0.49,,,,,,,,,
11/21/16,11350.23,4191.68,0.49,,,,,,,,,
11/28/16,11201.04,4199.39,0.49,,,,,,,,,
12/5/16,11459.39,4207.57,0.49,,,,,,,,,
12/12/16,11871.48,4308.94,0.49,,,,,,,,,
12/19/16,11925.74,4321.02,0.75,,,,,,,,,
12/26/16,11978.87,4325.17,0.75,,,,,,,,,
1/2/17,12233.34,4278.66,0.77,,,,,,,,,
1/9/17,12206.44,4338.62,0.75,,,,,,,,,
1/16/17,12254.11,4350.11,0.85,,,,,,,,,
1/23/17,12407.79,4333.1,0.75,,,,,,,,,
1/30/17,12488.99,4363.67,0.83,,,,,,,,,
2/6/17,12361.16,4387.67,0.85,,,,,,,,,
2/13/17,12487.3,4459.83,0.7,,,,,,,,,
2/20/17,12561.59,4506.2,0.82,,,,,,,,,
2/27/17,12546.87,4544.51,0.7,,,,,,,,,
3/6/17,12673.44,4556.72,0.75,,,,,,,,,
3/13/17,12792.69,4556.44,0.81,,,,,,,,,
3/20/17,12961.19,4557.12,1.03,,,,,,,,,
3/27/17,13057.23,4496.53,0.97,,,,,,,,,
4/3/17,13057.21,4530.98,1.05,,,,,,,,,
4/10/17,12931.31,4530.57,1.09,,,,,,,,,
4/17/17,12912.99,4515.65,0.865,,,,,,,,,
4/24/17,13528.52,4564.93,0.865,,,,,,,,,
5/1/17,13579.16,4592.78,0.865,,,,,,,,,
5/8/17,13877.56,4615.73,0.865,,,,,,,,,
5/15/17,14060.31,4625.51,0.865,,,,,,,,,
5/22/17,14195.18,4612.12,0.865,,,,,,,,,
5/29/17,14115.42,4655.65,0.865,,,,,,,,,
6/5/17,14429.09,4697,0.865,,,,,,,,,
6/12/17,14215.15,4685.54,1.05,,,,,,,,,
6/19/17,14393.95,4734.48,1.32,,,,,,,,,
6/26/17,14305.92,4707.27,1.29,,,,,,,,,
7/3/17,14181.6,4689.61,1.19,,,,,,,,,
7/10/17,14173.73,4689.25,1.35,,,,,,,,,
7/17/17,14438.56,4751.33,1.4,,,,,,,,,
7/24/17,14215.85,4773.1,1.33,,,,,,,,,
7/31/17,14287.42,4774.56,1.175,,,,,,,,,
8/7/17,14458.04,4797.13,1.32,,,,,,,,,
8/14/17,14334.2,4771.43,1.2,,,,,,,,,
8/21/17,14258.83,4701.82,1.21,,,,,,,,,
8/28/17,14494.14,4733.97,1.295,,,,,,,,,
9/4/17,14415.61,4798.99,1.295,,,,,,,,,
9/11/17,14949.31,4822.8,1.35,,,,,,,,,
9/18/17,15013.95,4856.08,1.35,,,,,,,,,
9/25/17,14948.22,4842.41,1.21,,,,,,,,,
10/2/17,15141.95,4906.92,1.2,,,,,,,,,
10/9/17,15231.47,4940.16,1.13,,,,,,,,,
10/16/17,15340.82,4966.05,1.4,,,,,,,,,
10/23/17,15271.02,4981.37,1.35,,,,,,,,,
10/30/17,15382.87,4997.15,1.16,,,,,,,,,
11/6/17,15605.03,5034.3,1.31,,,,,,,,,
11/13/17,15250.25,5025.36,1.27,,,,,,,,,
11/20/17,15342.65,5024.01,1.295,,,,,,,,,
11/27/17,15495.01,5062.85,1.09,,,,,,,,,
12/4/17,15474.18,5139.91,1.35,,,,,,,,,
12/11/17,15479.77,5181.75,1.25,,,,,,,,,
12/18/17,15725.53,5242.28,1.5,,,,,,,,,
12/25/17,15470.67,5229.79,1.365,,,,,,,,,
1/1/18,15511.09,5212.76,1.505,,,,,,,,,
1/8/18,16009.83,5358.68,1.505,,,,,,,,,
1/15/18,16201.22,5435.92,1.505,,,,,,,,,
1/22/18,16494.91,5527.89,1.515,,,,,,,,,
1/29/18,16464.9,5568.67,1.515,,,,,,,,,
2/5/18,15757.13,5171.26,1.555,,,,,,,,,
2/12/18,15078.87,5188.37,1.555,,,,,,,,,
2/19/18,15353.35,5340.82,1.7,,,,,,,,,
2/26/18,15392.11,5435.38,1.555,,,,,,,,,
3/5/18,14904.52,5323.36,1.555,,,,,,,,,
3/12/18,15297.57,5447.1,1.62,,,,,,,,,
3/19/18,15063.58,5312.23,1.605,,,,,,,,,
3/26/18,14666.42,5206.69,1.745,,,,,,,,,
4/2/18,14890.73,5057.69,1.785,,,,,,,,,
4/9/18,15095.73,5121.9,1.805,,,,,,,,,
4/16/18,15324.19,5249.94,1.9,,,,,,,,,
4/23/18,15364.35,5236.04,1.915,,,,,,,,,
4/30/18,15238.09,5193.04,1.805,,,,,,,,,
5/7/18,15426.74,5242.87,1.785,,,,,,,,,
5/14/18,15532.18,5359.66,1.915,,,,,,,,,
5/21/18,15367.36,5369.19,1.915,,,,,,,,,
5/28/18,14948.19,5347.31,1.925,,,,,,,,,
6/4/18,14937.43,5400.5,1.84,,,,,,,,,
6/11/18,15163.68,5471.29,1.805,,,,,,,,,
6/18/18,14905.4,5457.83,2.105,,,,,,,,,
6/25/18,14338.85,5347.23,1.985,,,,,,,,,
7/2/18,14204.69,5367.49,1.985,,,,,,,,,
7/9/18,14751.42,5483.89,1.985,,,,,,,,,
7/16/18,14705.74,5512.92,2.095,,,,,,,,,
7/23/18,14687.41,5530.66,1.985,,,,,,,,,
7/30/18,14989.25,5522.81,2.3,,,,,,,,,
8/6/18,14561.26,5619.05,2.045,,,,,,,,,
8/13/18,14108.72,5566.36,1.985,,,,,,,,,
8/20/18,14097.52,5639.53,1.985,,,,,,,,,
8/27/18,14632.15,5719.3,2.02,,,,,,,,,
9/3/18,14354.57,5730.8,1.985,,,,,,,,,
9/10/18,13909.57,5685.34,1.985,,,,,,,,,
9/17/18,14139.83,5711.29,1.985,,,,,,,,,
9/24/18,14561.19,5772.36,1.985,,,,,,,,,
10/1/18,14294.79,5784.45,2.255,,,,,,,,,
10/8/18,13706.77,5706.66,2.255,,,,,,,,,
10/15/18,13457.4,5444.61,2.255,,,,,,,,,
10/22/18,13218,5455.88,2.295,,,,,,,,,
10/29/18,12909.99,5229.28,2.245,,,,,,,,,
11/5/18,13105.35,5422.88,2.255,,,,,,,,,
11/12/18,12742.6,5403.19,2.255,,,,,,,,,
11/19/18,12878.56,5336.7,2.255,,,,,,,,,
11/26/18,12875.36,5304.17,2.255,,,,,,,,,
12/3/18,13010.01,5538.86,2.255,,,,,,,,,
12/10/18,12084.31,5238.7,2.255,,,,,,,,,
12/17/18,12212.07,5058.58,2.255,,,,,,,,,
12/24/18,12137.18,4672.66,2.48,,,,,,,,,
12/31/18,12070.15,4984.22,2.48,,,,,,,,,
1/7/19,12318.26,5070.76,2.455,,,,,,,,,
1/14/19,12449.32,5138.58,2.455,,,,,,,,,
1/21/19,12657.21,5314.78,2.455,,,,,,,,,
1/28/19,12819.46,5261.88,2.45,,,,,,,,,
2/4/19,12773.32,5425.8,2.455,,,,,,,,,
2/11/19,12420.24,5399,2.455,,,,,,,,,
2/18/19,12776.04,5533.27,2.455,,,,,,,,,
2/25/19,13055.85,5577.09,2.455,,,,,,,,,
3/4/19,13125.19,5573.53,2.45,,,,,,,,,
3/11/19,12956.54,5556.77,2.455,,,,,,,,,
3/18/19,13216.15,5658.73,2.455,,,,,,,,,
3/25/19,12847.5,5591.23,2.45,,,,,,,,,
4/1/19,13108.63,5730.04,2.45,,,,,,,,,
4/8/19,13472.59,5788.86,2.455,,,,,,,,,
4/15/19,13594.59,5811.51,2.455,,,,,,,,,
4/22/19,13755.97,5817.16,2.455,,,,,,,,,
4/29/19,13765.6,5888.05,2.48,,,,,,,,,
5/6/19,13755.12,5868.45,2.455,,,,,,,,,
5/13/19,13352.99,5631.41,2.435,,,,,,,,,
5/20/19,13443.82,5692.3,2.47,,,,,,,,,
5/27/19,13510.29,5665.6,2.425,,,,,,,,,
6/3/19,13209.76,5504.05,2.425,,,,,,,,,
6/10/19,13629.38,5792.56,2.415,,,,,,,,,
6/17/19,13567.7,5801.4,2.395,,,,,,,,,
6/24/19,13980.12,5914.29,2.365,,,,,,,,,
7/1/19,14179.65,5953.63,2.405,,,,,,,,,
7/8/19,14068.16,5979.34,2.445,,,,,,,,,
7/15/19,13950.25,6058.83,2.425,,,,,,,,,
7/22/19,13792.51,6001.28,2.415,,,,,,,,,
7/29/19,13822.25,6074.01,2.395,,,,,,,,,
8/5/19,13040.26,5721.8,2.245,,,,,,,,,
8/12/19,13103.01,5804.25,2.125,,,,,,,,,
8/19/19,12999.12,5888.93,2.125,,,,,,,,,
8/26/19,12956.65,5799.34,2.165,,,,,,,,,
9/2/19,13109.97,5898.23,2.125,,,,,,,,,
9/9/19,13518.22,6005.99,2.155,,,,,,,,,
9/16/19,13615.19,6048.67,2.15,,,,,,,,,
9/23/19,13570.55,6036.9,2.01,,,,,,,,,
9/30/19,13549.28,6008.59,2.075,,,,,,,,,
10/7/19,13301.43,5933.76,1.95,,,,,,,,,
10/14/19,13767.73,5991.72,1.95,,,,,,,,,
10/21/19,14209.02,6074.9,1.9,,,,,,,,,
10/28/19,14355.43,6141.51,1.955,,,,,,,,,
11/4/19,14653.4,6221.63,1.65,,,,,,,,,
11/11/19,14564.32,6243.81,1.625,,,,,,,,,
11/18/19,14634.64,6318.02,1.625,,,,,,,,,
11/25/19,14587.32,6344.36,1.575,,,,,,,,,
12/2/19,14355.05,6306.88,1.625,,,,,,,,,
12/9/19,14506.95,6355.07,1.575,,,,,,,,,
12/16/19,14932.63,6470.03,1.625,,,,,,,,,
12/23/19,14747.73,6537.4,1.625,,,,,,,,,
12/30/19,14843.55,6533.91,1.575,,,,,,,,,
1/6/20,14688.17,6586.54,1.655,,,,,,,,,
1/13/20,14976.68,6674.13,1.65,,,,,,,,,
1/20/20,15015.37,6759.51,1.625,,,,,,,,,
1/27/20,14541.5,6585.95,1.65,,,,,,,,,
2/3/20,14424.8,6598.63,1.625,,,,,,,,,
2/10/20,14740.32,6811.83,1.65,,,,,,,,,
2/17/20,14928.34,6872.68,1.65,,,,,,,,,
2/24/20,14151.51,6561.94,1.65,,,,,,,,,
3/2/20,13199.85,6288.64,1.65,,,,,,,,,
3/9/20,12132.29,5591.74,1.1,,,,,,,,,
3/16/20,9737.39,4861.22,1.305,,,,,,,,,
3/23/20,9404.71,4559.5,0.26,,,,,,,,,
3/30/20,10826.77,5354.39,0.1,,,,,,,,,
4/6/20,10864.67,5432.17,0.1,,,,,,,,,
4/13/20,11516.15,5634.15,0.135,,,,,,,,,
4/20/20,11617.19,5761,0.08,,,,,,,,,
4/27/20,11556.43,5874.94,0.11,,,,,,,,,
5/4/20,11425.76,5803.12,0.085,,,,,,,,,
5/11/20,11718.15,5985.66,0.095,,,,,,,,,
5/18/20,12007.08,6037.9,0.095,,,,,,,,,
5/25/20,12409.05,6044.16,0.095,,,,,,,,,
6/1/20,12905.38,6251.48,0.095,,,,,,,,,
6/8/20,14487.7,6615.4,0.115,,,,,,,,,
6/15/20,13429.65,6279.4,0.115,,,,,,,,,
6/22/20,13794.03,6385.91,0.115,,,,,,,,,
6/29/20,13756.34,6254.78,0.155,,,,,,,,,
7/6/20,14410.67,6516.05,0.135,,,,,,,,,
7/13/20,14551.48,6467.84,0.275,,,,,,,,,
7/20/20,14925.47,6667.45,0.155,,,,,,,,,
7/27/20,15120.44,6642.89,0.155,,,,,,,,,
8/3/20,14844.61,6758.2,0.155,,,,,,,,,
8/10/20,14928.6,6895.59,0.155,,,,,,,,,
8/17/20,15333,6943.22,0.155,,,,,,,,,
8/24/20,15436.45,7048.17,0.155,,,,,,,,,
8/31/20,15482.03,7192.11,0.155,,,,,,,,,
9/7/20,15492.9,7043.62,0.155,,,,,,,,,
9/14/20,15663.59,6957.91,0.155,,,,,,,,,
9/21/20,14728.67,6748.08,0.155,,,,,,,,,
9/28/20,14988.54,6894.27,0.155,,,,,,,,,
10/5/20,15127.73,7014.23,0.155,,,,,,,,,
10/12/20,15519.24,7275.43,0.155,,,,,,,,,
10/19/20,15146,7055.58,0.155,,,,,,,,,
10/26/20,14390.66,7003.21,0.155,,,,,,,,,
11/2/20,13717.35,6817.89,0.155,,,,,,,,,
11/9/20,15484.67,7315.77,0.155,,,,,,,,,
11/16/20,15551.18,7476.79,0.155,,,,,,,,,
11/23/20,15514.23,7378.94,0.155,,,,,,,,,
11/30/20,15898.95,7472.06,0.155,,,,,,,,,
12/7/20,16102.75,7620,0.155,,,,,,,,,
12/14/20,16033.53,7530.87,0.155,,,,,,,,,
12/21/20,16177.24,7630.07,0.165,,,,,,,,,
12/28/20,16843.61,7715.1,0.165,,,,,,,,,
1/4/21,16846.11,7645.27,0.165,,,,,,,,,
1/11/21,16933.66,7853.45,0.155,,,,,,,,,
1/18/21,16721.51,7789.79,0.155,,,,,,,,,
1/25/21,16550.49,7970.92,0.155,,,,,,,,,
2/1/21,16458.71,7804.31,0.155,,,,,,,,,
2/8/21,16938.48,8099.33,0.155,,,,,,,,,
2/15/21,17117.93,8142.79,0.145,,,,,,,,,
2/22/21,16931.52,8025.81,0.145,,,,,,,,,
3/1/21,16887.54,8080.78,0.145,,,,,,,,,
3/8/21,17053.55,7916.41,0.145,,,,,,,,,
3/15/21,17233.15,8226.32,0.135,,,,,,,,,
3/22/21,17489.64,8169.14,0.135,,,,,,,,,
3/29/21,17430.75,8233.24,0.135,,,,,,,,,
4/5/21,17823.99,8457.4,0.135,,,,,,,,,
4/12/21,18117.99,8564.03,0.145,,,,,,,,,
4/19/21,18472.39,8638.42,0.15,,,,,,,,,
4/26/21,18481.51,8690.26,0.095,,,,,,,,,
5/3/21,18397.19,8702.02,0.115,,,,,,,,,
5/10/21,18727.09,8696.29,0.115,,,,,,,,,
5/17/21,18699.02,8647.57,0.115,,,,,,,,,
5/24/21,18862.76,8722,0.105,,,,,,,,,
5/31/21,18854.37,8738.77,0.105,,,,,,,,,
6/7/21,19105.56,8788.28,0.105,,,,,,,,,
6/14/21,19003.37,8851.17,0.08,,,,,,,,,
6/21/21,18585.89,8789.52,0.135,,,,,,,,,
6/28/21,18550.82,8927.4,0.135,,,,,,,,,
7/5/21,18577.82,9058.66,0.135,,,,,,,,,
7/12/21,18740.16,9128.22,0.135,,,,,,,,,
7/19/21,17865.37,8867.07,0.135,,,,,,,,,
7/26/21,18443.1,9209.63,0.135,,,,,,,,,
8/2/21,18497.83,9138.36,0.135,,,,,,,,,
8/9/21,18492.18,9235.05,0.135,,,,,,,,,
8/16/21,18773.82,9337.18,0.135,,,,,,,,,
8/23/21,18610.14,9341.09,0.135,,,,,,,,,
8/30/21,18745.63,9445.24,0.135,,,,,,,,,
9/6/21,18897.19,9462.54,0.135,,,,,,,,,
9/13/21,18543.63,9325.29,0.135,,,,,,,,,
9/20/21,17741.97,9096.52,0.135,,,,,,,,,
9/27/21,18222.44,9275.87,0.135,,,,,,,,,
10/4/21,17478.77,8980.64,0.135,,,,,,,,,
10/11/21,17588.91,9110.76,0.135,,,,,,,,,
10/18/21,17952.91,9373.68,0.135,,,,,,,,,
10/25/21,18115.69,9541.99,0.135,,,,,,,,,
11/1/21,18319.73,9642.44,0.135,,,,,,,,,
11/8/21,18596.56,9828.81,0.135,,,,,,,,,
11/15/21,18442.65,9793.53,0.135,,,,,,,,,
11/22/21,18124.71,9798.29,0.135,,,,,,,,,
11/29/21,17220.04,9741.78,0.135,,,,,,,,,
12/6/21,17334.85,9613.02,0.135,,,,,,,,,
12/13/21,17614.27,9776.69,0.135,,,,,,,,,
12/20/21,17205.05,9567.91,0.135,,,,,,,,,
12/27/21,17924.59,10037.67,0.135,,,,,,,,,
1/3/22,18090.39,10050.41,0.135,,,,,,,,,
1/10/22,17848.27,9789.72,0.135,,,,,,,,,
1/17/22,18168.89,9775.53,0.135,,,,,,,,,
1/24/22,16975.21,9246.84,0.135,,,,,,,,,
1/31/22,17343.46,9469.92,0.135,,,,,,,,,
2/7/22,17404.94,9405.84,0.135,,,,,,,,,
2/14/22,17092.19,9236.86,0.17,,,,,,,,,
2/21/22,16698.8,9130.81,0.135,,,,,,,,,
2/28/22,16242.31,9186.37,0.155,,,,,,,,,
3/7/22,13958.37,8825.72,0.145,,,,,,,,,
3/14/22,15294.01,8771.75,0.135,,,,,,,,,
3/21/22,15830.62,9378.84,0.385,,,,,,,,,
3/28/22,15814.98,9620.66,0.385,,,,,,,,,
4/4/22,15965.17,9637.37,0.385,,,,,,,,,
4/11/22,15465.63,9282.48,0.385,,,,,,,,,
4/18/22,15287.95,9240.69,0.385,,,,,,,,,
4/25/22,14909.04,9040.86,0.385,,,,,,,,,
5/2/22,14668.75,8746.05,0.385,,,,,,,,,
5/9/22,14089.92,8403.5,0.885,,,,,,,,,
5/16/22,14528.83,8443.55,0.885,,,,,,,,,
5/23/22,15123.48,8375.87,0.885,,,,,,,,,
5/30/22,15712.41,8766.83,0.885,,,,,,,,,
6/6/22,15709.67,8693.06,0.885,,,,,,,,,
6/13/22,13995.04,7910.43,0.885,,,,,,,,,
6/20/22,13976.71,7756.59,1.635,,,,,,,,,
6/27/22,13973.53,8233.42,1.635,,,,,,,,,
7/4/22,13314.97,8077.89,1.635,,,,,,,,,
7/11/22,12940.01,8142.68,1.635,,,,,,,,,
7/18/22,13213.04,8094.23,1.635,,,,,,,,,
7/25/22,13497.21,8382.88,1.635,,,,,,,,,
8/1/22,13847.17,8705.87,2.385,,,,,,,,,
8/8/22,13985.44,8753.39,2.385,,,,,,,,,
8/15/22,14085.92,9090.36,2.385,,,,,,,,,
8/22/22,13186.26,8758.24,2.385,,,,,,,,,
8/29/22,12871.14,8532.1,2.365,,,,,,,,,
9/5/22,12658.93,8311.42,2.365,,,,,,,,,
9/12/22,13577.99,8708.17,2.365,,,,,,,,,
9/19/22,12819.23,8265.73,2.365,,,,,,,,,
9/26/22,11797.78,7747.93,3.115,,,,,,,,,
10/3/22,11986.72,7800,3.115,,,,,,,,,
10/10/22,11907.64,7663.58,3.115,,,,,,,,,
10/17/22,12416.76,7804.33,3.115,,,,,,,,,
10/24/22,12782.06,8058.88,3.115,,,,,,,,,
10/31/22,13098.92,8218.7,3.115,,,,,,,,,
11/7/22,13532.4,8083.38,3.895,,,,,,,,,
11/14/22,14787.78,8407.25,3.865,,,,,,,,,
11/21/22,14725.65,8397.23,3.865,,,,,,,,,
11/28/22,14955.32,8427.95,3.85,,,,,,,,,
12/5/22,15209.66,8507.34,3.845,,,,,,,,,
12/12/22,15052.94,8491.86,3.85,,,,,,,,,
12/19/22,14750.18,8127.57,4.365,,,,,,,,,
12/26/22,14795.84,8187.06,4.395,,,,,,,,,
1/2/23,15015.74,8178.02,4.365,,,,,,,,,
1/9/23,15890.35,8293.8,4.4,,,,,,,,,
1/16/23,16383.36,8523.32,4.365,,,,,,,,,
1/23/23,16409.76,8568.77,4.4,,,,,,,,,
1/30/23,16442.83,8566.28,4.395,,,,,,,,,
2/6/23,16469.18,8766.9,4.595,,,,,,,,,
2/13/23,16505.53,8827.72,4.6,,,,,,,,,
2/20/23,16541.8,8709.21,4.6,,,,,,,,,
2/27/23,16306.65,8504.76,4.6,,,,,,,,,
3/6/23,16716.51,8649.88,4.595,,,,,,,,,
3/13/23,16055.46,8241.39,4.615,,,,,,,,,
3/20/23,16010.9,8449.98,4.615,,,,,,,,,
3/27/23,16309.48,8507.54,4.865,,,,,,,,,
4/3/23,16965.92,8823.66,4.865,,,,,,,,,
4/10/23,16906.71,8794.65,4.865,,,,,,,,,
4/17/23,17236.41,8886.76,4.865,,,,,,,,,
4/24/23,17496.56,8857.3,4.865,,,,,,,,,
5/1/23,17483.53,8924.92,4.865,,,,,,,,,
5/8/23,17570.43,8863.01,5.115,,,,,,,,,
5/15/23,17294.97,8865.03,5.115,,,,,,,,,
5/22/23,17520.9,8990.89,5.115,,,,,,,,,
5/29/23,17083.49,9019.64,5.115,,,,,,,,,
6/5/23,17100.33,9171.09,5.115,,,,,,,,,
6/12/23,17301.94,9312.72,5.115,,,,,,,,,
6/19/23,17699.14,9468.81,5.115,,,,,,,,,
6/26/23,17250.45,9297.12,5.115,,,,,,,,,
7/3/23,17538.99,9571.35,5.115,,,,,,,,,
7/10/23,17203.94,9475.9,5.115,,,,,,,,,
7/17/23,18049,9721.03,5.115,,,,,,,,,
7/24/23,17939.38,9790.76,5.115,,,,,,,,,
7/31/23,18133.13,9866.77,5.365,,,,,,,,,
8/7/23,17552.1,9716.91,5.365,,,,,,,,,
8/14/23,17342.13,9659.26,5.365,,,,,,,,,
8/21/23,16988.46,9471.39,5.365,,,,,,,,,
8/28/23,17065.38,9545.44,5.365,,,,,,,,,
9/4/23,17068.12,9727.64,5.365,,,,,,,,,
9/11/23,16980.25,9669.36,5.365,,,,,,,,,
9/18/23,16790.11,9599.93,5.365,,,,,,,,,
9/25/23,16294.88,9350.9,5.365,,,,,,,,,
10/2/23,16004.67,9247.51,5.365,,,,,,,,,
10/9/23,15953.61,9353.41,5.365,,,,,,,,,
10/16/23,16076.1,9437.31,5.365,,,,,,,,,
10/23/23,15732.82,9100.49,5.365,,,,,,,,,
10/30/23,15627.56,8993.46,5.55,,,,,,,,,
11/6/23,16263.1,9425.34,5.365,,,,,,,,,
11/13/23,16405.07,9528.25,5.365,,,,,,,,,
11/20/23,17395.75,9829.02,5.365,,,,,,,,,
11/27/23,17455.7,9836.75,5.365,,,,,,,,,
12/4/23,17742.4,9884.17,5.365,,,,,,,,,
12/11/23,18045.08,10000.64,5.365,,,,,,,,,
12/18/23,18173.58,10259.85,5.365,,,,,,,,,
12/25/23,18398,10292.37,5.365,,,,,,,,,
1/1/24,18505.17,10327.83,5.365,,,,,,,,,
1/8/24,18340.98,10316.52,5.31,,,,,,,,,
1/15/24,18201.59,10363.35,5.32,,,,,,,,,
1/22/24,18161.46,10509.44,5.32,,,,,,,,,
1/29/24,18294.13,10678.5,5.32,,,,,,,,,
2/5/24,18129.7,10713.11,5.32,,,,,,,,,
2/12/24,18344.68,10887.41,5.32,,,,,,,,,
2/19/24,18403.83,10859.63,5.32,,,,,,,,,
2/26/24,18906.97,11000.5,5.275,,,,,,,,,
3/4/24,19246.08,11138.43,5.3,,,,,,,,,
3/11/24,19392.74,11113.61,5.32,,,,,,,,,
3/18/24,19520.89,11186.04,5.31,,,,,,,,,
3/25/24,19790.88,11337.74,5.275,,,,,,,,,
4/1/24,19869.64,11395.08,5.335,,,,,,,,,
4/8/24,19881.62,11307.66,5.3,,,,,,,,,
4/15/24,19157.07,11005.61,5.275,,,,,,,,,
4/22/24,19013.12,10895.47,5.3,,,,,,,,,